{
    "one_beng_pressure": {
        "mean": 0.16807461508093172,
        "std": 0.061192535663365
    },
    "two_beng_pressure": {
        "mean": 0.04512238452427952,
        "std": 0.053628873810291355
    },
    "three_beng_pressure": {
        "mean": 0.06324161073825503,
        "std": 0.07253747774099507
    },
    "four_beng_pressure": {
        "mean": 0.1011938412949072,
        "std": 0.08258629892967814
    },
    "five_beng_pressure": {
        "mean": 0.06922029214370314,
        "std": 0.07340960706577324
    },
    "six_beng_pressure": {
        "mean": 0.06009198578760364,
        "std": 0.06649599866601472
    },
    "seven_beng_pressure": {
        "mean": 0.1658578760363206,
        "std": 0.07090867798997798
    },
    "eight_beng_pressure": {
        "mean": 0.16264153178049742,
        "std": 0.07457712938318664
    },
    "one_beng_fre": {
        "mean": 29.506079747335175,
        "std": 10.888449653181974
    },
    "two_beng_fre": {
        "mean": 3.421989735491512,
        "std": 10.174942993341235
    },
    "three_beng_fre": {
        "mean": 8.243584682195026,
        "std": 14.512247758782143
    },
    "four_beng_fre": {
        "mean": 14.463324121594946,
        "std": 16.613770278883333
    },
    "five_beng_fre": {
        "mean": 8.787248322147653,
        "std": 14.264895738934149
    },
    "six_beng_fre": {
        "mean": 7.279628898539283,
        "std": 13.655348772521375
    },
    "seven_beng_fre": {
        "mean": 27.58128701144887,
        "std": 13.363617656082381
    },
    "eight_beng_fre": {
        "mean": 26.680813264903275,
        "std": 13.784344834974558
    },
    "one_time_flow": {
        "mean": 23378.924200552705,
        "std": 4781.61899885137
    },
    "water_ele": {
        "mean": 55.852427951046195,
        "std": 13.26433377076837
    }
}